Dataset,Modelo,Cenario,FN,FN_lo,FN_hi,FP,F1,F1_lo,F1_hi,RecAte,RecAte_lo,RecAte_hi
Edge-IIoTset,MLP,Original (sem balancear),327,295,360,3,0.9174,0.9158,0.9189,0.8486,0.8333,0.8634
Edge-IIoTset,MLP,SMOTETomek,284,254,315,90,0.9094,0.905,0.9136,0.8685,0.8542,0.8824
Edge-IIoTset,MLP,GAN+MLP,425,389,462,206,0.8461,0.8397,0.8524,0.8032,0.7861,0.8199
Edge-IIoTset,MLP,WGAN-GP,296,265,328,3,0.9258,0.9243,0.9271,0.863,0.8481,0.8773
Edge-IIoTset,MLP,cWGAN-GP,503,465,542,72,0.8521,0.8473,0.8567,0.7671,0.7491,0.7847
Edge-IIoTset,MLP,CTGAN,297,266,329,98,0.9041,0.8996,0.9085,0.8625,0.8477,0.8769
Edge-IIoTset,XGBoost,Original (sem balancear),35,24,47,0,0.9918,0.9918,0.9919,0.9838,0.9782,0.9889
Edge-IIoTset,XGBoost,SMOTETomek,0,0,0,64,0.9854,0.9818,0.9888,1.0,1.0,1.0
Edge-IIoTset,XGBoost,GAN+MLP,36,25,48,0,0.9916,0.9915,0.9916,0.9833,0.9778,0.9884
Edge-IIoTset,XGBoost,WGAN-GP,39,27,52,0,0.9909,0.9908,0.9909,0.9819,0.9759,0.9875
Edge-IIoTset,XGBoost,cWGAN-GP,36,25,48,0,0.9916,0.9915,0.9916,0.9833,0.9778,0.9884
Edge-IIoTset,XGBoost,CTGAN,35,24,47,0,0.9918,0.9918,0.9919,0.9838,0.9782,0.9889
Edge-IIoTset,RandomForest,Original (sem balancear),37,26,49,0,0.9914,0.9913,0.9914,0.9829,0.9773,0.988
Edge-IIoTset,RandomForest,SMOTETomek,0,0,0,66,0.985,0.9814,0.9883,1.0,1.0,1.0
Edge-IIoTset,RandomForest,GAN+MLP,37,26,49,0,0.9914,0.9913,0.9914,0.9829,0.9773,0.988
Edge-IIoTset,RandomForest,WGAN-GP,36,25,48,0,0.9916,0.9915,0.9916,0.9833,0.9778,0.9884
Edge-IIoTset,RandomForest,cWGAN-GP,36,25,48,0,0.9916,0.9915,0.9916,0.9833,0.9778,0.9884
Edge-IIoTset,RandomForest,CTGAN,35,24,47,0,0.9918,0.9918,0.9919,0.9838,0.9782,0.9889
Edge-IIoTset,LSTM,Original (sem balancear),1156,1111,1201,1,0.6344,0.6236,0.6445,0.4648,0.444,0.4856
Edge-IIoTset,LSTM,SMOTETomek,1015,970,1060,98,0.6729,0.6632,0.6822,0.5301,0.5093,0.5509
Edge-IIoTset,LSTM,GAN+MLP,716,673,759,1243,0.5958,0.5851,0.6065,0.6685,0.6486,0.6884
Edge-IIoTset,LSTM,WGAN-GP,993,948,1038,151,0.6711,0.6611,0.6806,0.5403,0.5194,0.5611
Edge-IIoTset,LSTM,cWGAN-GP,1445,1402,1488,0,0.4974,0.4819,0.512,0.331,0.3111,0.3509
Edge-IIoTset,LSTM,CTGAN,1039,994,1084,71,0.6689,0.6591,0.6782,0.519,0.4981,0.5398
TON_IoT,MLP,Original (sem balancear),283,253,314,144,0.8979,0.8925,0.903,0.869,0.8546,0.8829
TON_IoT,MLP,SMOTETomek,183,158,209,2927,0.5597,0.552,0.5675,0.9153,0.9032,0.9269
TON_IoT,MLP,GAN+MLP,258,229,288,159,0.9012,0.8957,0.9065,0.8806,0.8667,0.894
TON_IoT,MLP,WGAN-GP,220,193,248,2211,0.6148,0.6063,0.6234,0.8981,0.8852,0.9106
TON_IoT,MLP,cWGAN-GP,307,276,339,136,0.8932,0.888,0.8983,0.8579,0.8431,0.8722
TON_IoT,MLP,CTGAN,183,158,209,2949,0.558,0.5504,0.5657,0.9153,0.9032,0.9269
TON_IoT,XGBoost,Original (sem balancear),70,54,86,19,0.9792,0.9771,0.981,0.9676,0.9602,0.975
TON_IoT,XGBoost,SMOTETomek,64,49,80,72,0.9686,0.9648,0.9722,0.9704,0.963,0.9773
TON_IoT,XGBoost,GAN+MLP,75,59,92,23,0.977,0.9748,0.9791,0.9653,0.9574,0.9727
TON_IoT,XGBoost,WGAN-GP,68,53,84,20,0.9794,0.9773,0.9813,0.9685,0.9611,0.9755
TON_IoT,XGBoost,cWGAN-GP,73,57,90,21,0.978,0.9758,0.9799,0.9662,0.9583,0.9736
TON_IoT,XGBoost,CTGAN,70,54,87,18,0.9794,0.9774,0.9812,0.9676,0.9597,0.975
TON_IoT,RandomForest,Original (sem balancear),62,47,78,28,0.979,0.9765,0.9813,0.9713,0.9639,0.9782
TON_IoT,RandomForest,SMOTETomek,55,41,70,67,0.9718,0.9682,0.9753,0.9745,0.9676,0.981
TON_IoT,RandomForest,GAN+MLP,61,46,76,31,0.9786,0.976,0.9809,0.9718,0.9648,0.9787
TON_IoT,RandomForest,WGAN-GP,61,46,77,27,0.9795,0.977,0.9817,0.9718,0.9644,0.9787
TON_IoT,RandomForest,cWGAN-GP,62,47,78,30,0.9785,0.976,0.9809,0.9713,0.9639,0.9782
TON_IoT,RandomForest,CTGAN,60,46,75,31,0.9788,0.9762,0.9812,0.9722,0.9653,0.9787
TON_IoT,LSTM,Original (sem balancear),1930,1901,1958,169,0.1798,0.1616,0.1978,0.1065,0.0935,0.1199
TON_IoT,LSTM,SMOTETomek,194,168,220,2933,0.557,0.5493,0.5648,0.9102,0.8981,0.9222
TON_IoT,LSTM,GAN+MLP,253,224,283,2667,0.5664,0.5582,0.5746,0.8829,0.869,0.8963
TON_IoT,LSTM,WGAN-GP,472,434,510,2668,0.5181,0.5093,0.527,0.7815,0.7639,0.7991
TON_IoT,LSTM,cWGAN-GP,1611,1571,1651,1666,0.251,0.2367,0.265,0.2542,0.2356,0.2727
TON_IoT,LSTM,CTGAN,211,184,238,2836,0.5613,0.5534,0.5692,0.9023,0.8898,0.9148
IoT-23,MLP,Original (sem balancear),705,662,748,23,0.7999,0.7946,0.8049,0.6736,0.6537,0.6935
IoT-23,MLP,SMOTETomek,677,635,719,247,0.7625,0.7545,0.7702,0.6866,0.6671,0.706
IoT-23,MLP,GAN+MLP,792,748,836,1115,0.5893,0.5782,0.6002,0.6333,0.613,0.6537
IoT-23,MLP,WGAN-GP,634,593,676,24,0.8226,0.818,0.827,0.7065,0.687,0.7255
IoT-23,MLP,cWGAN-GP,882,837,927,235,0.6959,0.6864,0.705,0.5917,0.5708,0.6125
IoT-23,MLP,CTGAN,699,657,742,31,0.8001,0.7947,0.8052,0.6764,0.6565,0.6958
IoT-23,XGBoost,Original (sem balancear),273,243,304,4,0.9316,0.9302,0.9329,0.8736,0.8593,0.8875
IoT-23,XGBoost,SMOTETomek,272,242,302,25,0.9271,0.9245,0.9295,0.8741,0.8602,0.888
IoT-23,XGBoost,GAN+MLP,277,247,308,4,0.9306,0.9291,0.9319,0.8718,0.8574,0.8856
IoT-23,XGBoost,WGAN-GP,278,248,309,3,0.9305,0.9292,0.9318,0.8713,0.8569,0.8852
IoT-23,XGBoost,cWGAN-GP,278,248,309,2,0.9308,0.9295,0.9319,0.8713,0.8569,0.8852
IoT-23,XGBoost,CTGAN,277,247,308,4,0.9306,0.9291,0.9319,0.8718,0.8574,0.8856
IoT-23,RandomForest,Original (sem balancear),269,239,299,139,0.9026,0.8974,0.9077,0.8755,0.8616,0.8894
IoT-23,RandomForest,SMOTETomek,255,226,285,413,0.8508,0.8431,0.8584,0.8819,0.8681,0.8954
IoT-23,RandomForest,GAN+MLP,269,239,299,133,0.9039,0.8988,0.9089,0.8755,0.8616,0.8894
IoT-23,RandomForest,WGAN-GP,268,238,298,133,0.9042,0.8991,0.9091,0.8759,0.862,0.8898
IoT-23,RandomForest,cWGAN-GP,269,239,300,134,0.9037,0.8986,0.9087,0.8755,0.8611,0.8894
IoT-23,RandomForest,CTGAN,269,239,299,134,0.9037,0.8986,0.9087,0.8755,0.8616,0.8894
IoT-23,LSTM,Original (sem balancear),1190,1145,1235,67,0.6068,0.595,0.618,0.4491,0.4282,0.4699
IoT-23,LSTM,SMOTETomek,700,657,743,194,0.7656,0.7579,0.773,0.6759,0.656,0.6958
IoT-23,LSTM,GAN+MLP,554,515,594,2840,0.4862,0.4772,0.4952,0.7435,0.725,0.7616
IoT-23,LSTM,WGAN-GP,698,656,741,114,0.7827,0.7759,0.7891,0.6769,0.6569,0.6963
IoT-23,LSTM,cWGAN-GP,702,660,745,303,0.7437,0.7351,0.752,0.675,0.6551,0.6944
IoT-23,LSTM,CTGAN,833,789,877,200,0.7198,0.711,0.7282,0.6144,0.594,0.6347
